<?xml version="1.0" encoding="UTF-8"?>
<project-private xmlns="http://www.netbeans.org/ns/project-private/1">
    <editor-bookmarks xmlns="http://www.netbeans.org/ns/editor-bookmarks/2" lastBookmarkId="0"/>
    <open-files xmlns="http://www.netbeans.org/ns/projectui-open-files/2">
        <group>
            <file>file:/E:/Course%20pdf/Java%20projects/OO%20assignment/AnimalInterface/src/animalinterface/TestMammal.java</file>
            <file>file:/E:/Course%20pdf/Java%20projects/OO%20assignment/AnimalInterface/src/animalinterface/AnimalInterface.java</file>
            <file>file:/E:/Course%20pdf/Java%20projects/OO%20assignment/AnimalInterface/src/animalinterface/Animal.java</file>
            <file>file:/E:/Course%20pdf/Java%20projects/OO%20assignment/AnimalInterface/src/animalinterface/Mammal.java</file>
        </group>
    </open-files>
</project-private>
